id,user_id,title,first_entry
1,4,4,"Lorem ipsum dolor sit amet, consectetur adipisicing elit. Ut reiciendis labore ratione sunt vero ea sed maiores quibusdam veritatis molestias, ex ipsum, consequatur culpa minima odit, eligendi tenetur, minus harum!
"
2,2,2,"Maiores tempora officia, illum quos harum dolorem. Corporis dolorem enim sapiente exercitationem fugit, quisquam, numquam ad ratione itaque, vel inventore excepturi incidunt velit, sunt nesciunt eos doloremque fugiat consectetur ea.
"
3,2,2,"Maxime illum qui nemo, tempora earum consectetur minima reiciendis quae eum debitis nihil quis eveniet! Ipsam dolor quasi similique. Excepturi dolores, nisi harum, mollitia ex eos fuga. Et, debitis, commodi.
"
4,2,2,"Ea nostrum delectus doloribus aspernatur aliquid est commodi illum, beatae numquam obcaecati? Ratione totam aut eos tempora, in voluptate perferendis? Ea totam impedit unde cum id, debitis voluptatibus eos aperiam.
"
5,3,3,"Aliquam iusto, et eos enim laudantium perspiciatis dolorem officia nobis veniam aspernatur, maxime corporis? Corporis corrupti at perspiciatis aperiam, quisquam amet assumenda distinctio rem, neque, eum tempora, porro ea molestiae.
"
6,1,1,"Commodi, fugiat alias quo quibusdam repudiandae ipsa sed provident iure ducimus eligendi animi dolor, laboriosam optio enim. Tenetur enim veniam neque explicabo possimus iusto architecto, ducimus, obcaecati porro fugiat quisquam!
"
7,4,4,"Asperiores dolore praesentium perspiciatis suscipit autem repellendus minus beatae, id quisquam eos voluptas corporis dicta eius odit quibusdam. Alias delectus eaque neque doloremque inventore dolore dolores corporis ad veritatis magni.
"
8,4,4,"Commodi illum reiciendis, corrupti quo, quos labore corporis architecto eos praesentium impedit a quam alias ipsam unde porro laboriosam. Illum eaque repellat necessitatibus eius aut, iure quis asperiores reiciendis ad!
"
9,4,4,"Omnis laborum, ad, cupiditate sed odio odit cumque impedit deserunt! Officiis officia possimus quos nisi debitis unde obcaecati deserunt voluptatibus reiciendis eligendi vel ex, sunt voluptatum, numquam. Repellendus, nesciunt rem.
"
10,3,3,"Expedita aspernatur vero minus ipsam iure tempore repellendus, et praesentium delectus amet, aperiam numquam. Cumque facere quis, quae possimus voluptate ipsam quisquam inventore debitis, ad quo amet magni ipsum alias!
"
11,2,2,"Ad delectus officia soluta assumenda consequuntur sequi est voluptatum nesciunt error, officiis veniam hic laudantium, beatae dolor. Expedita obcaecati iusto sed aliquid fugit ea, enim laboriosam maiores, nam aliquam saepe!
"
12,3,3,"Iure accusantium expedita, dolorum libero, aspernatur non in! Temporibus, nesciunt autem! Natus itaque ab aspernatur eligendi nostrum, ducimus modi minima impedit veritatis, maiores hic porro iure repellat totam consectetur, reprehenderit!
"
13,3,3,"Consequatur exercitationem voluptatum vero deleniti, maxime aliquam aut voluptate error a quos, asperiores dolorum officiis nostrum, recusandae, facere iure debitis. Eveniet, consequuntur. Quia eius, doloribus nobis cumque ex voluptate quam!
"
14,1,1,"Voluptates distinctio debitis cum nesciunt tenetur itaque ex officiis temporibus odio ratione non, necessitatibus illo laborum fugiat quas dignissimos veritatis nostrum nulla tempora placeat delectus. Earum incidunt non quas aliquid.
"
15,3,3,"Recusandae rerum, mollitia repellendus officiis possimus, neque laboriosam architecto voluptates placeat eaque laborum at ex deleniti sit praesentium asperiores qui commodi culpa amet unde temporibus harum. Ipsum voluptatem ut odit.
"
16,2,2,"Laborum perspiciatis illo dicta, libero soluta, quia. Nihil corrupti autem ipsum maxime sed voluptates veniam aspernatur est libero, reprehenderit odio dolorem, unde tenetur error cumque! Ullam hic totam voluptatum possimus.
"
17,2,2,"Aliquam, dolorum. Consequatur temporibus totam nihil, id illo assumenda in at sequi quo facilis. Enim aliquid facere quibusdam cumque, temporibus quas fugit repudiandae ullam veniam at qui! Repudiandae, voluptates, mollitia.
"
18,2,2,"Reiciendis nulla aperiam voluptates eius ipsam recusandae nihil, aliquam minima. Ullam quis labore officiis, accusamus! Deleniti rem asperiores rerum sapiente necessitatibus eligendi eos, obcaecati quia, nam nisi optio, qui, dicta.
"
19,3,3,"Minus maxime illo eaque, voluptatem reiciendis distinctio. Soluta dolore itaque cupiditate quis, mollitia rem fuga porro commodi expedita libero! Eligendi assumenda non aut corrupti asperiores omnis repudiandae doloribus vitae necessitatibus.
"
20,4,4,"Voluptas quidem fugit cumque, blanditiis adipisci nostrum! Ad sed modi sequi ipsum, placeat cumque saepe impedit illo optio quis iure id recusandae, in reprehenderit ex, dolorum! Autem doloribus nemo sit?
"
21,3,3,"Voluptas quia pariatur, natus incidunt optio tempore. Odio expedita aut dignissimos asperiores pariatur illum accusantium vero ab ipsa, aliquid non nisi, harum debitis ipsam, quam magni iusto laboriosam facere ea!
"
22,2,2,"Expedita in at dolor optio cumque doloribus quisquam minima voluptatem accusamus officia, maiores veniam consequatur, dolorum inventore quibusdam ipsa provident incidunt quidem. Provident dignissimos rem quia doloribus, sint aut dolor.
"
23,1,1,"Facere temporibus, necessitatibus sunt dolore quam officiis, consequuntur qui itaque a eveniet suscipit laboriosam earum nesciunt doloribus inventore nostrum, quidem quia fuga quod consequatur. Odio, amet numquam dolore sit autem.
"
24,2,2,"Non voluptatum, atque dolore rem corporis, tempora unde sed. Numquam, praesentium laborum! Accusantium voluptatem aperiam porro tempore, dignissimos animi dolorem vitae ipsa dicta sapiente repellendus illo nihil fuga, eos repellat.
"
25,1,1,"Unde alias dolores, quas sed laborum porro delectus qui fuga aperiam excepturi blanditiis. Reiciendis nostrum a repellat cumque adipisci quisquam, illo quaerat rem blanditiis nam vel quia, placeat eveniet ab!
"
26,2,2,"Nesciunt aliquid unde dolor deserunt veniam, animi sapiente reiciendis facilis quasi expedita. Explicabo quidem molestias ipsum, adipisci fugit nesciunt. Quis laboriosam ab ipsum quo iure. Praesentium consequuntur consequatur, eum voluptatem.
"
27,4,4,"Voluptas, reiciendis autem provident, at itaque praesentium et porro iure doloribus similique architecto fugit a qui possimus nisi ducimus omnis dolores unde inventore! Earum id pariatur harum nisi! Eum, ipsum.
"
28,user_id,user_id,body
29,4,4,"Lorem ipsum dolor sit amet, consectetur adipisicing elit. Ut reiciendis labore ratione sunt vero ea sed maiores quibusdam veritatis molestias, ex ipsum, consequatur culpa minima odit, eligendi tenetur, minus harum!
"
30,2,2,"Maiores tempora officia, illum quos harum dolorem. Corporis dolorem enim sapiente exercitationem fugit, quisquam, numquam ad ratione itaque, vel inventore excepturi incidunt velit, sunt nesciunt eos doloremque fugiat consectetur ea.
"
31,2,2,"Maxime illum qui nemo, tempora earum consectetur minima reiciendis quae eum debitis nihil quis eveniet! Ipsam dolor quasi similique. Excepturi dolores, nisi harum, mollitia ex eos fuga. Et, debitis, commodi.
"
32,2,2,"Ea nostrum delectus doloribus aspernatur aliquid est commodi illum, beatae numquam obcaecati? Ratione totam aut eos tempora, in voluptate perferendis? Ea totam impedit unde cum id, debitis voluptatibus eos aperiam.
"
33,3,3,"Aliquam iusto, et eos enim laudantium perspiciatis dolorem officia nobis veniam aspernatur, maxime corporis? Corporis corrupti at perspiciatis aperiam, quisquam amet assumenda distinctio rem, neque, eum tempora, porro ea molestiae.
"
34,1,1,"Commodi, fugiat alias quo quibusdam repudiandae ipsa sed provident iure ducimus eligendi animi dolor, laboriosam optio enim. Tenetur enim veniam neque explicabo possimus iusto architecto, ducimus, obcaecati porro fugiat quisquam!
"
35,4,4,"Asperiores dolore praesentium perspiciatis suscipit autem repellendus minus beatae, id quisquam eos voluptas corporis dicta eius odit quibusdam. Alias delectus eaque neque doloremque inventore dolore dolores corporis ad veritatis magni.
"
36,4,4,"Commodi illum reiciendis, corrupti quo, quos labore corporis architecto eos praesentium impedit a quam alias ipsam unde porro laboriosam. Illum eaque repellat necessitatibus eius aut, iure quis asperiores reiciendis ad!
"
37,4,4,"Omnis laborum, ad, cupiditate sed odio odit cumque impedit deserunt! Officiis officia possimus quos nisi debitis unde obcaecati deserunt voluptatibus reiciendis eligendi vel ex, sunt voluptatum, numquam. Repellendus, nesciunt rem.
"
38,3,3,"Expedita aspernatur vero minus ipsam iure tempore repellendus, et praesentium delectus amet, aperiam numquam. Cumque facere quis, quae possimus voluptate ipsam quisquam inventore debitis, ad quo amet magni ipsum alias!
"
39,2,2,"Ad delectus officia soluta assumenda consequuntur sequi est voluptatum nesciunt error, officiis veniam hic laudantium, beatae dolor. Expedita obcaecati iusto sed aliquid fugit ea, enim laboriosam maiores, nam aliquam saepe!
"
40,3,3,"Iure accusantium expedita, dolorum libero, aspernatur non in! Temporibus, nesciunt autem! Natus itaque ab aspernatur eligendi nostrum, ducimus modi minima impedit veritatis, maiores hic porro iure repellat totam consectetur, reprehenderit!
"
41,3,3,"Consequatur exercitationem voluptatum vero deleniti, maxime aliquam aut voluptate error a quos, asperiores dolorum officiis nostrum, recusandae, facere iure debitis. Eveniet, consequuntur. Quia eius, doloribus nobis cumque ex voluptate quam!
"
42,1,1,"Voluptates distinctio debitis cum nesciunt tenetur itaque ex officiis temporibus odio ratione non, necessitatibus illo laborum fugiat quas dignissimos veritatis nostrum nulla tempora placeat delectus. Earum incidunt non quas aliquid.
"
43,3,3,"Recusandae rerum, mollitia repellendus officiis possimus, neque laboriosam architecto voluptates placeat eaque laborum at ex deleniti sit praesentium asperiores qui commodi culpa amet unde temporibus harum. Ipsum voluptatem ut odit.
"
44,2,2,"Laborum perspiciatis illo dicta, libero soluta, quia. Nihil corrupti autem ipsum maxime sed voluptates veniam aspernatur est libero, reprehenderit odio dolorem, unde tenetur error cumque! Ullam hic totam voluptatum possimus.
"
45,2,2,"Aliquam, dolorum. Consequatur temporibus totam nihil, id illo assumenda in at sequi quo facilis. Enim aliquid facere quibusdam cumque, temporibus quas fugit repudiandae ullam veniam at qui! Repudiandae, voluptates, mollitia.
"
46,2,2,"Reiciendis nulla aperiam voluptates eius ipsam recusandae nihil, aliquam minima. Ullam quis labore officiis, accusamus! Deleniti rem asperiores rerum sapiente necessitatibus eligendi eos, obcaecati quia, nam nisi optio, qui, dicta.
"
47,3,3,"Minus maxime illo eaque, voluptatem reiciendis distinctio. Soluta dolore itaque cupiditate quis, mollitia rem fuga porro commodi expedita libero! Eligendi assumenda non aut corrupti asperiores omnis repudiandae doloribus vitae necessitatibus.
"
48,4,4,"Voluptas quidem fugit cumque, blanditiis adipisci nostrum! Ad sed modi sequi ipsum, placeat cumque saepe impedit illo optio quis iure id recusandae, in reprehenderit ex, dolorum! Autem doloribus nemo sit?
"
49,3,3,"Voluptas quia pariatur, natus incidunt optio tempore. Odio expedita aut dignissimos asperiores pariatur illum accusantium vero ab ipsa, aliquid non nisi, harum debitis ipsam, quam magni iusto laboriosam facere ea!
"
50,2,2,"Expedita in at dolor optio cumque doloribus quisquam minima voluptatem accusamus officia, maiores veniam consequatur, dolorum inventore quibusdam ipsa provident incidunt quidem. Provident dignissimos rem quia doloribus, sint aut dolor.
"
51,1,1,"Facere temporibus, necessitatibus sunt dolore quam officiis, consequuntur qui itaque a eveniet suscipit laboriosam earum nesciunt doloribus inventore nostrum, quidem quia fuga quod consequatur. Odio, amet numquam dolore sit autem.
"
52,2,2,"Non voluptatum, atque dolore rem corporis, tempora unde sed. Numquam, praesentium laborum! Accusantium voluptatem aperiam porro tempore, dignissimos animi dolorem vitae ipsa dicta sapiente repellendus illo nihil fuga, eos repellat.
"
53,1,1,"Unde alias dolores, quas sed laborum porro delectus qui fuga aperiam excepturi blanditiis. Reiciendis nostrum a repellat cumque adipisci quisquam, illo quaerat rem blanditiis nam vel quia, placeat eveniet ab!
"
54,2,2,"Nesciunt aliquid unde dolor deserunt veniam, animi sapiente reiciendis facilis quasi expedita. Explicabo quidem molestias ipsum, adipisci fugit nesciunt. Quis laboriosam ab ipsum quo iure. Praesentium consequuntur consequatur, eum voluptatem.
"
55,4,4,"Voluptas, reiciendis autem provident, at itaque praesentium et porro iure doloribus similique architecto fugit a qui possimus nisi ducimus omnis dolores unde inventore! Earum id pariatur harum nisi! Eum, ipsum.
"
56,user_id,user_id,body
57,4,4,"Lorem ipsum dolor sit amet, consectetur adipisicing elit. Ut reiciendis labore ratione sunt vero ea sed maiores quibusdam veritatis molestias, ex ipsum, consequatur culpa minima odit, eligendi tenetur, minus harum!
"
58,2,2,"Maiores tempora officia, illum quos harum dolorem. Corporis dolorem enim sapiente exercitationem fugit, quisquam, numquam ad ratione itaque, vel inventore excepturi incidunt velit, sunt nesciunt eos doloremque fugiat consectetur ea.
"
59,2,2,"Maxime illum qui nemo, tempora earum consectetur minima reiciendis quae eum debitis nihil quis eveniet! Ipsam dolor quasi similique. Excepturi dolores, nisi harum, mollitia ex eos fuga. Et, debitis, commodi.
"
60,2,2,"Ea nostrum delectus doloribus aspernatur aliquid est commodi illum, beatae numquam obcaecati? Ratione totam aut eos tempora, in voluptate perferendis? Ea totam impedit unde cum id, debitis voluptatibus eos aperiam.
"
61,3,3,"Aliquam iusto, et eos enim laudantium perspiciatis dolorem officia nobis veniam aspernatur, maxime corporis? Corporis corrupti at perspiciatis aperiam, quisquam amet assumenda distinctio rem, neque, eum tempora, porro ea molestiae.
"
62,1,1,"Commodi, fugiat alias quo quibusdam repudiandae ipsa sed provident iure ducimus eligendi animi dolor, laboriosam optio enim. Tenetur enim veniam neque explicabo possimus iusto architecto, ducimus, obcaecati porro fugiat quisquam!
"
63,4,4,"Asperiores dolore praesentium perspiciatis suscipit autem repellendus minus beatae, id quisquam eos voluptas corporis dicta eius odit quibusdam. Alias delectus eaque neque doloremque inventore dolore dolores corporis ad veritatis magni.
"
64,4,4,"Commodi illum reiciendis, corrupti quo, quos labore corporis architecto eos praesentium impedit a quam alias ipsam unde porro laboriosam. Illum eaque repellat necessitatibus eius aut, iure quis asperiores reiciendis ad!
"
65,4,4,"Omnis laborum, ad, cupiditate sed odio odit cumque impedit deserunt! Officiis officia possimus quos nisi debitis unde obcaecati deserunt voluptatibus reiciendis eligendi vel ex, sunt voluptatum, numquam. Repellendus, nesciunt rem.
"
66,3,3,"Expedita aspernatur vero minus ipsam iure tempore repellendus, et praesentium delectus amet, aperiam numquam. Cumque facere quis, quae possimus voluptate ipsam quisquam inventore debitis, ad quo amet magni ipsum alias!
"
67,2,2,"Ad delectus officia soluta assumenda consequuntur sequi est voluptatum nesciunt error, officiis veniam hic laudantium, beatae dolor. Expedita obcaecati iusto sed aliquid fugit ea, enim laboriosam maiores, nam aliquam saepe!
"
68,3,3,"Iure accusantium expedita, dolorum libero, aspernatur non in! Temporibus, nesciunt autem! Natus itaque ab aspernatur eligendi nostrum, ducimus modi minima impedit veritatis, maiores hic porro iure repellat totam consectetur, reprehenderit!
"
69,3,3,"Consequatur exercitationem voluptatum vero deleniti, maxime aliquam aut voluptate error a quos, asperiores dolorum officiis nostrum, recusandae, facere iure debitis. Eveniet, consequuntur. Quia eius, doloribus nobis cumque ex voluptate quam!
"
70,1,1,"Voluptates distinctio debitis cum nesciunt tenetur itaque ex officiis temporibus odio ratione non, necessitatibus illo laborum fugiat quas dignissimos veritatis nostrum nulla tempora placeat delectus. Earum incidunt non quas aliquid.
"
71,3,3,"Recusandae rerum, mollitia repellendus officiis possimus, neque laboriosam architecto voluptates placeat eaque laborum at ex deleniti sit praesentium asperiores qui commodi culpa amet unde temporibus harum. Ipsum voluptatem ut odit.
"
72,2,2,"Laborum perspiciatis illo dicta, libero soluta, quia. Nihil corrupti autem ipsum maxime sed voluptates veniam aspernatur est libero, reprehenderit odio dolorem, unde tenetur error cumque! Ullam hic totam voluptatum possimus.
"
73,2,2,"Aliquam, dolorum. Consequatur temporibus totam nihil, id illo assumenda in at sequi quo facilis. Enim aliquid facere quibusdam cumque, temporibus quas fugit repudiandae ullam veniam at qui! Repudiandae, voluptates, mollitia.
"
74,2,2,"Reiciendis nulla aperiam voluptates eius ipsam recusandae nihil, aliquam minima. Ullam quis labore officiis, accusamus! Deleniti rem asperiores rerum sapiente necessitatibus eligendi eos, obcaecati quia, nam nisi optio, qui, dicta.
"
75,3,3,"Minus maxime illo eaque, voluptatem reiciendis distinctio. Soluta dolore itaque cupiditate quis, mollitia rem fuga porro commodi expedita libero! Eligendi assumenda non aut corrupti asperiores omnis repudiandae doloribus vitae necessitatibus.
"
76,4,4,"Voluptas quidem fugit cumque, blanditiis adipisci nostrum! Ad sed modi sequi ipsum, placeat cumque saepe impedit illo optio quis iure id recusandae, in reprehenderit ex, dolorum! Autem doloribus nemo sit?
"
77,3,3,"Voluptas quia pariatur, natus incidunt optio tempore. Odio expedita aut dignissimos asperiores pariatur illum accusantium vero ab ipsa, aliquid non nisi, harum debitis ipsam, quam magni iusto laboriosam facere ea!
"
78,2,2,"Expedita in at dolor optio cumque doloribus quisquam minima voluptatem accusamus officia, maiores veniam consequatur, dolorum inventore quibusdam ipsa provident incidunt quidem. Provident dignissimos rem quia doloribus, sint aut dolor.
"
79,1,1,"Facere temporibus, necessitatibus sunt dolore quam officiis, consequuntur qui itaque a eveniet suscipit laboriosam earum nesciunt doloribus inventore nostrum, quidem quia fuga quod consequatur. Odio, amet numquam dolore sit autem.
"
80,2,2,"Non voluptatum, atque dolore rem corporis, tempora unde sed. Numquam, praesentium laborum! Accusantium voluptatem aperiam porro tempore, dignissimos animi dolorem vitae ipsa dicta sapiente repellendus illo nihil fuga, eos repellat.
"
81,1,1,"Unde alias dolores, quas sed laborum porro delectus qui fuga aperiam excepturi blanditiis. Reiciendis nostrum a repellat cumque adipisci quisquam, illo quaerat rem blanditiis nam vel quia, placeat eveniet ab!
"
82,2,2,"Nesciunt aliquid unde dolor deserunt veniam, animi sapiente reiciendis facilis quasi expedita. Explicabo quidem molestias ipsum, adipisci fugit nesciunt. Quis laboriosam ab ipsum quo iure. Praesentium consequuntur consequatur, eum voluptatem.
"
83,4,4,"Voluptas, reiciendis autem provident, at itaque praesentium et porro iure doloribus similique architecto fugit a qui possimus nisi ducimus omnis dolores unde inventore! Earum id pariatur harum nisi! Eum, ipsum.
"
